state,abbr,fhwa_registrations_2023,new_vehicle_sales_2025,transactions,anchor_transactions,new_transactions,used_transactions,commitment,commitment_note,pipeline_usd,n_volume,n_anchor,n_commitment,n_pipeline,n_market,score,rank
Texas,TX,23477492,1598583.0,64,19,53,11,1.0,"D02: existing customers 110/121, pricing agreed, 'wants Texas live first'",193760.0,1.0,1.0,1.0,0.17120237506185057,0.8203591625153361,0.908138195631952,1
Alabama,AL,5446619,224295.0,13,13,2,11,1.0,"D09: Closed Won, Autofill promised for Q4",44843.333333333336,0.203125,0.6842105263157895,1.0,0.039622652623642236,0.1497575195232583,0.439698496501685,2
Arizona,AZ,6447062,397830.0,14,11,3,11,0.8,D02: Negotiation at 80%,101260.0,0.21875,0.5789473684210527,0.8,0.08947126599279,0.21388766844707519,0.39386848370584326,3
Georgia,GA,9195822,528080.0,9,9,8,1,1.0,"D09: Closed Won, Autofill promised for Q4",38426.66666666667,0.140625,0.47368421052631576,1.0,0.03395301712966236,0.29418581504065733,0.37612268457026227,4
Florida,FL,19519552,1491315.0,19,3,16,3,0.8,"D02: existing customer 121, Negotiation at 80%",59760.0,0.296875,0.15789473684210525,0.8,0.05280271435640065,0.7269541097806105,0.3668006742930917,5
Tennessee,TN,6950844,334310.0,3,3,2,1,1.0,"D09: Closed Won, Autofill promised for Q4",38426.66666666667,0.046875,0.15789473684210525,1.0,0.03395301712966236,0.20441977738935524,0.2662889879508551,6
Colorado,CO,5211580,222349.0,13,13,9,4,0.0,,17260.0,0.203125,0.6842105263157895,0.0,0.015250583162507951,0.1454350331930935,0.23704516523906338,7
Virginia,VA,7922073,368236.0,1,1,0,1,0.0,,1131760.0,0.015625,0.05263157894736842,0.0,1.0,0.22944446410411515,0.12902978899467943,8
California,CA,31057329,1806762.0,4,4,3,1,0.0,,15760.0,0.0625,0.21052631578947367,0.0,0.013925213826252916,1.0,0.12162278454052003,9
Pennsylvania,PA,10866252,590743.0,5,5,2,3,0.0,,128260.0,0.078125,0.2631578947368421,0.0,0.11332791404538065,0.33841974476086545,0.11604160758994976,10
Arkansas,AR,3338322,136190.0,6,6,4,2,0.0,,6760.0,0.09375,0.3157894736842105,0.0,0.005972997808722697,0.0914334829414428,0.11051436866478652,11
Illinois,IL,10139685,578640.0,5,5,3,2,0.0,,6760.0,0.078125,0.2631578947368421,0.0,0.005972997808722697,0.3233731920512802,0.1045537883308047,12
Indiana,IN,5775462,257628.0,5,5,1,4,0.0,,6760.0,0.078125,0.2631578947368421,0.0,0.005972997808722697,0.16427616157139902,0.09659893680681063,13
New Jersey,NJ,5991811,527148.0,4,4,4,0,0.0,,128260.0,0.0625,0.21052631578947367,0.0,0.11332791404538065,0.24234569043272441,0.09368033908406903,14
Nevada,NV,2681539,158141.0,4,4,2,2,0.0,,61260.0,0.0625,0.21052631578947367,0.0,0.05412808369265568,0.08693444242118833,0.07998979364821973,15
Missouri,MO,5504704,330080.0,4,4,0,4,0.0,,6760.0,0.0625,0.21052631578947367,0.0,0.005972997808722697,0.179967391770189,0.07982593252727646,16
New York,NY,9361933,898439.0,3,3,1,2,0.0,,60760.0,0.046875,0.15789473684210525,0.0,0.05368629391390401,0.3993525490956266,0.07800895421459278,17
New Hampshire,NH,1405435,101294.0,3,3,2,1,0.0,,6760.0,0.046875,0.15789473684210525,0.0,0.005972997808722697,0.05065837848205722,0.055802916073396186,18
Maryland,MD,4935108,227269.0,1,1,0,1,0.0,,324260.0,0.015625,0.05263157894736842,0.0,0.28650950731603875,0.14234559048175893,0.053325796045165505,19
South Carolina,SC,5283221,235312.0,2,2,0,2,0.0,,6760.0,0.03125,0.10526315789473684,0.0,0.005972997808722697,0.15017575707487046,0.043221219213563165,20
Louisiana,LA,4522457,218561.0,2,2,2,0,0.0,,13176.666666666668,0.03125,0.10526315789473684,0.0,0.011642633302702576,0.1332923789972987,0.04294401385908256,21
Kentucky,KY,4551497,156226.0,2,2,0,2,0.0,,6760.0,0.03125,0.10526315789473684,0.0,0.005972997808722697,0.11650942799516262,0.04153790275957778,22
West Virginia,WV,1515512,79737.0,2,2,1,1,0.0,,6760.0,0.03125,0.10526315789473684,0.0,0.005972997808722697,0.04646489205649113,0.0380356759626442,23
Maine,ME,1366649,65758.0,2,2,2,0,0.0,,6760.0,0.03125,0.10526315789473684,0.0,0.005972997808722697,0.040199785179614415,0.037722420618800365,24
Ohio,OH,11242160,560734.0,1,1,0,1,0.0,,6760.0,0.015625,0.05263157894736842,0.0,0.005972997808722697,0.33616694962807614,0.034963213051749764,25
North Carolina,NC,8752729,482579.0,1,1,0,1,0.0,,6760.0,0.015625,0.05263157894736842,0.0,0.005972997808722697,0.27446048260222816,0.031877889700457365,26
Oklahoma,OK,3410923,610554.0,1,1,1,0,0.0,,6760.0,0.015625,0.05263157894736842,0.0,0.005972997808722697,0.22387692806106943,0.029348711973399427,27
Wisconsin,WI,5800567,254094.0,1,1,1,0,0.0,,6760.0,0.015625,0.05263157894736842,0.0,0.005972997808722697,0.16370234080780968,0.02633998261073644,28
Delaware,DE,445240,51423.0,1,1,0,1,0.0,,74260.0,0.015625,0.05263157894736842,0.0,0.06561461794019934,0.021398740960232226,0.02518896463150523,29
Iowa,IA,3827780,129070.0,1,1,1,0,0.0,,6760.0,0.015625,0.05263157894736842,0.0,0.005972997808722697,0.09734301858143407,0.02302201649941766,30
Mississippi,MS,2228844,113425.0,1,1,0,1,0.0,,13176.666666666668,0.015625,0.05263157894736842,0.0,0.011642633302702576,0.06727176435203493,0.02208541733734569,31
New Mexico,NM,1909072,81132.0,1,1,1,0,0.0,,17260.0,0.015625,0.05263157894736842,0.0,0.015250583162507951,0.05318696637845448,0.021741972424647205,32
Wyoming,WY,890622,24665.0,1,1,1,0,0.0,,17260.0,0.015625,0.05263157894736842,0.0,0.015250583162507951,0.021164101557865647,0.020140829183617762,33
District of Columbia,DC,344088,,1,1,0,1,0.0,,0.0,0.015625,0.05263157894736842,0.0,0.0,0.011079124028985235,0.018111521990922946,34
Michigan,MI,9907454,585383.0,0,0,0,0,0.0,,10760.0,0.0,0.0,0.0,0.009507316038736127,0.32150049035530287,0.017025756121638758,35
Massachusetts,MA,5239321,345806.0,0,0,0,0,0.0,,60760.0,0.0,0.0,0.0,0.05368629391390401,0.18004690635599424,0.014370974709190115,36
Washington,WA,7444189,287687.0,0,0,0,0,0.0,,15760.0,0.0,0.0,0.0,0.013925213826252916,0.1994599031294736,0.011365516539098971,37
Connecticut,CT,2837111,151624.0,0,0,0,0,0.0,,60760.0,0.0,0.0,0.0,0.05368629391390401,0.08763553380578917,0.00975040608167986,38
Minnesota,MN,5848091,251130.0,0,0,0,0,0.0,,6760.0,0.0,0.0,0.0,0.005972997808722697,0.16364719009761153,0.008779659285752847,39
Oregon,OR,4230276,160335.0,0,0,0,0,0.0,,15760.0,0.0,0.0,0.0,0.013925213826252916,0.11247512486734335,0.007016277625992459,40
Utah,UT,3084536,148342.0,0,0,0,0,0.0,,17260.0,0.0,0.0,0.0,0.015250583162507951,0.09071063843928553,0.006060590238215072,41
Kansas,KS,2472852,104168.0,0,0,0,0,0.0,,6760.0,0.0,0.0,0.0,0.005972997808722697,0.06863834728138907,0.004029217144941723,42
Montana,MT,2357075,69348.0,0,0,0,0,0.0,,11760.0,0.0,0.0,0.0,0.010390895596239486,0.057138400414126614,0.0038960095803302792,43
Nebraska,NE,1974401,86148.0,0,0,0,0,0.0,,6760.0,0.0,0.0,0.0,0.005972997808722697,0.05562683353887349,0.003378641457815944,44
Idaho,ID,2057655,80321.0,0,0,0,0,0.0,,6760.0,0.0,0.0,0.0,0.005972997808722697,0.05535460800617325,0.003365030181180932,45
Hawaii,HI,1262693,66648.0,0,0,0,0,0.0,,6760.0,0.0,0.0,0.0,0.005972997808722697,0.038772467522128345,0.002535923156978687,46
South Dakota,SD,1384940,35024.0,0,0,0,0,0.0,,6760.0,0.0,0.0,0.0,0.005972997808722697,0.031988985980662944,0.002196749079905417,47
North Dakota,ND,1060838,44021.0,0,0,0,0,0.0,,6760.0,0.0,0.0,0.0,0.005972997808722697,0.029260997035370346,0.0020603496326407874,48
Rhode Island,RI,822447,57179.0,0,0,0,0,0.0,,6760.0,0.0,0.0,0.0,0.005972997808722697,0.02906439922746447,0.002050519742245493,49
Vermont,VT,629430,49139.0,0,0,0,0,0.0,,6760.0,0.0,0.0,0.0,0.005972997808722697,0.023731993605513337,0.0017838994611479367,50
Alaska,AK,680974,32832.0,0,0,0,0,0.0,,6760.0,0.0,0.0,0.0,0.005972997808722697,0.020049044586530104,0.001599752010198775,51
