state,abbr,fhwa_registrations_2023,new_vehicle_sales_2025
Alabama,AL,5446619,224295
Alaska,AK,680974,32832
Arizona,AZ,6447062,397830
Arkansas,AR,3338322,136190
California,CA,31057329,1806762
Colorado,CO,5211580,222349
Connecticut,CT,2837111,151624
Delaware,DE,445240,51423
District of Columbia,DC,344088,
Florida,FL,19519552,1491315
Georgia,GA,9195822,528080
Hawaii,HI,1262693,66648
Idaho,ID,2057655,80321
Illinois,IL,10139685,578640
Indiana,IN,5775462,257628
Iowa,IA,3827780,129070
Kansas,KS,2472852,104168
Kentucky,KY,4551497,156226
Louisiana,LA,4522457,218561
Maine,ME,1366649,65758
Maryland,MD,4935108,227269
Massachusetts,MA,5239321,345806
Michigan,MI,9907454,585383
Minnesota,MN,5848091,251130
Mississippi,MS,2228844,113425
Missouri,MO,5504704,330080
Montana,MT,2357075,69348
Nebraska,NE,1974401,86148
Nevada,NV,2681539,158141
New Hampshire,NH,1405435,101294
New Jersey,NJ,5991811,527148
New Mexico,NM,1909072,81132
New York,NY,9361933,898439
North Carolina,NC,8752729,482579
North Dakota,ND,1060838,44021
Ohio,OH,11242160,560734
Oklahoma,OK,3410923,610554
Oregon,OR,4230276,160335
Pennsylvania,PA,10866252,590743
Rhode Island,RI,822447,57179
South Carolina,SC,5283221,235312
South Dakota,SD,1384940,35024
Tennessee,TN,6950844,334310
Texas,TX,23477492,1598583
Utah,UT,3084536,148342
Vermont,VT,629430,49139
Virginia,VA,7922073,368236
Washington,WA,7444189,287687
West Virginia,WV,1515512,79737
Wisconsin,WI,5800567,254094
Wyoming,WY,890622,24665
