customer_id,state,date,transaction_type
87,Arizona,2026-09-28,Used vehicle transaction
87,Arizona,2026-09-28,Used vehicle transaction
87,Arizona,2026-09-28,Used vehicle transaction
87,Arizona,2026-09-28,Used vehicle transaction
87,Colorado,2026-09-28,New vehicle transaction
87,New Jersey,2026-09-28,New vehicle transaction
87,Alabama,2026-09-28,Used vehicle transaction
87,Arizona,2026-09-28,New vehicle transaction
87,Ohio,2026-09-28,Used vehicle transaction
87,Colorado,2026-09-28,New vehicle transaction
87,Alabama,2026-09-28,Used vehicle transaction
87,Alabama,2026-09-28,Used vehicle transaction
87,Arizona,2026-09-28,Used vehicle transaction
87,Colorado,2026-09-28,New vehicle transaction
87,Alabama,2026-09-28,Used vehicle transaction
87,Alabama,2026-09-28,Used vehicle transaction
87,Colorado,2026-09-28,New vehicle transaction
87,Arizona,2026-09-28,Used vehicle transaction
87,Alabama,2026-09-28,Used vehicle transaction
87,Iowa,2026-09-28,New vehicle transaction
87,Texas,2026-09-28,New vehicle transaction
87,Alabama,2026-09-28,Used vehicle transaction
121,Florida,2026-09-28,New vehicle transaction
121,Florida,2026-09-28,New vehicle transaction
121,Florida,2026-09-28,New vehicle transaction
121,Florida,2026-09-28,New vehicle transaction
121,Florida,2026-09-28,New vehicle transaction
121,Florida,2026-09-28,New vehicle transaction
121,Florida,2026-09-28,New vehicle transaction
121,Florida,2026-09-28,New vehicle transaction
121,Florida,2026-09-28,New vehicle transaction
121,Florida,2026-09-28,New vehicle transaction
87,Colorado,2026-09-28,New vehicle transaction
87,Colorado,2026-09-28,New vehicle transaction
87,Pennsylvania,2026-09-28,New vehicle transaction
110,Texas,2026-09-28,New vehicle transaction
110,Texas,2026-09-28,New vehicle transaction
110,Texas,2026-09-28,New vehicle transaction
87,New York,2026-09-28,New vehicle transaction
87,New Mexico,2026-09-28,New vehicle transaction
110,Texas,2026-09-28,New vehicle transaction
87,Arkansas,2026-09-28,New vehicle transaction
87,Colorado,2026-09-28,New vehicle transaction
87,South Carolina,2026-09-28,Used vehicle transaction
87,Nevada,2026-09-28,New vehicle transaction
87,Arkansas,2026-09-28,New vehicle transaction
87,California,2026-09-28,Used vehicle transaction
87,Florida,2026-09-28,Used vehicle transaction
87,Florida,2026-09-28,New vehicle transaction
87,Kentucky,2026-09-28,Used vehicle transaction
87,New Jersey,2026-09-27,New vehicle transaction
87,Alabama,2026-09-26,New vehicle transaction
87,Oklahoma,2026-09-26,New vehicle transaction
87,California,2026-09-26,New vehicle transaction
87,Georgia,2026-09-26,New vehicle transaction
87,Georgia,2026-09-26,New vehicle transaction
87,Pennsylvania,2026-09-26,New vehicle transaction
87,Indiana,2026-09-26,New vehicle transaction
87,Tennessee,2026-09-26,Used vehicle transaction
87,New York,2026-09-26,Used vehicle transaction
87,South Carolina,2026-09-25,Used vehicle transaction
87,Illinois,2026-09-25,Used vehicle transaction
87,Illinois,2026-09-25,Used vehicle transaction
87,Texas,2026-09-25,Used vehicle transaction
87,New Jersey,2026-09-25,New vehicle transaction
87,New York,2026-09-25,Used vehicle transaction
87,Maryland,2026-09-25,Used vehicle transaction
87,Texas,2026-09-25,Used vehicle transaction
87,Mississippi,2026-09-25,Used vehicle transaction
87,Tennessee,2026-09-25,New vehicle transaction
87,New Hampshire,2026-09-25,Used vehicle transaction
87,Texas,2026-09-25,Used vehicle transaction
87,Nevada,2026-09-25,Used vehicle transaction
87,Nevada,2026-09-25,Used vehicle transaction
87,Pennsylvania,2026-09-25,Used vehicle transaction
87,Nevada,2026-09-25,New vehicle transaction
87,Alabama,2026-09-25,Used vehicle transaction
87,Pennsylvania,2026-09-25,Used vehicle transaction
87,Pennsylvania,2026-09-25,Used vehicle transaction
87,Indiana,2026-09-25,Used vehicle transaction
87,Colorado,2026-09-25,New vehicle transaction
87,Indiana,2026-09-25,Used vehicle transaction
87,Georgia,2026-09-25,New vehicle transaction
87,West Virginia,2026-09-25,Used vehicle transaction
87,Texas,2026-09-25,New vehicle transaction
87,Texas,2026-09-25,New vehicle transaction
87,Texas,2026-09-25,New vehicle transaction
87,Texas,2026-09-25,New vehicle transaction
87,Texas,2026-09-25,New vehicle transaction
87,Texas,2026-09-25,New vehicle transaction
87,Georgia,2026-09-25,New vehicle transaction
87,Missouri,2026-09-25,Used vehicle transaction
87,Georgia,2026-09-25,New vehicle transaction
87,Missouri,2026-09-25,Used vehicle transaction
87,Missouri,2026-09-25,Used vehicle transaction
87,Georgia,2026-09-25,New vehicle transaction
87,Colorado,2026-09-25,Used vehicle transaction
87,Colorado,2026-09-25,Used vehicle transaction
87,Kentucky,2026-09-25,Used vehicle transaction
87,Indiana,2026-09-25,Used vehicle transaction
87,New Jersey,2026-09-25,New vehicle transaction
87,Missouri,2026-09-25,Used vehicle transaction
87,Colorado,2026-09-25,New vehicle transaction
121,Florida,2026-09-25,New vehicle transaction
87,Wyoming,2026-09-25,New vehicle transaction
87,Colorado,2026-09-25,Used vehicle transaction
87,Georgia,2026-09-25,New vehicle transaction
87,Georgia,2026-09-25,New vehicle transaction
110,Texas,2026-09-25,New vehicle transaction
110,Texas,2026-09-25,New vehicle transaction
110,Texas,2026-09-25,New vehicle transaction
110,Texas,2026-09-25,New vehicle transaction
110,Texas,2026-09-25,New vehicle transaction
110,Texas,2026-09-25,New vehicle transaction
110,Texas,2026-09-25,New vehicle transaction
110,Texas,2026-09-25,New vehicle transaction
110,Texas,2026-09-25,New vehicle transaction
110,Texas,2026-09-25,New vehicle transaction
110,Texas,2026-09-25,New vehicle transaction
110,Texas,2026-09-25,New vehicle transaction
110,Texas,2026-09-25,New vehicle transaction
110,Texas,2026-09-25,New vehicle transaction
110,Texas,2026-09-25,New vehicle transaction
110,Texas,2026-09-25,New vehicle transaction
110,Texas,2026-09-25,New vehicle transaction
110,Texas,2026-09-25,New vehicle transaction
110,Texas,2026-09-25,New vehicle transaction
110,Texas,2026-09-25,New vehicle transaction
110,Texas,2026-09-25,New vehicle transaction
110,Texas,2026-09-25,New vehicle transaction
110,Texas,2026-09-25,New vehicle transaction
110,Texas,2026-09-25,New vehicle transaction
110,Texas,2026-09-25,New vehicle transaction
110,Texas,2026-09-25,New vehicle transaction
110,Texas,2026-09-25,New vehicle transaction
110,Texas,2026-09-25,New vehicle transaction
110,Texas,2026-09-25,New vehicle transaction
110,Texas,2026-09-25,New vehicle transaction
87,Arizona,2026-09-25,Used vehicle transaction
87,Arizona,2026-09-25,Used vehicle transaction
87,Texas,2026-09-25,New vehicle transaction
121,Florida,2026-09-25,New vehicle transaction
121,Florida,2026-09-25,New vehicle transaction
87,Texas,2026-09-25,New vehicle transaction
87,Florida,2026-09-25,Used vehicle transaction
87,Virginia,2026-09-25,Used vehicle transaction
87,Alabama,2026-09-25,Used vehicle transaction
87,District of Columbia,2026-09-25,Used vehicle transaction
87,Alabama,2026-09-25,Used vehicle transaction
87,Alabama,2026-09-24,Used vehicle transaction
87,West Virginia,2026-09-24,New vehicle transaction
87,Maine,2026-09-24,New vehicle transaction
87,Maine,2026-09-24,New vehicle transaction
87,New Hampshire,2026-09-24,New vehicle transaction
90,Arizona,2026-09-24,Used vehicle transaction
90,Arizona,2026-09-24,Used vehicle transaction
90,Arizona,2026-09-24,Used vehicle transaction
87,Louisiana,2026-09-24,New vehicle transaction
87,Texas,2026-09-24,New vehicle transaction
87,Arizona,2026-09-24,New vehicle transaction
87,Illinois,2026-09-24,New vehicle transaction
87,California,2026-09-24,New vehicle transaction
87,Illinois,2026-09-24,New vehicle transaction
87,Texas,2026-09-24,New vehicle transaction
87,Texas,2026-09-24,New vehicle transaction
110,Texas,2026-09-24,Used vehicle transaction
110,Texas,2026-09-24,Used vehicle transaction
110,Texas,2026-09-24,Used vehicle transaction
110,Texas,2026-09-24,Used vehicle transaction
110,Texas,2026-09-24,Used vehicle transaction
110,Texas,2026-09-24,Used vehicle transaction
110,Texas,2026-09-24,New vehicle transaction
110,Texas,2026-09-24,Used vehicle transaction
110,Texas,2026-09-24,Used vehicle transaction
110,Texas,2026-09-24,New vehicle transaction
110,Texas,2026-09-24,New vehicle transaction
87,Arizona,2026-09-24,New vehicle transaction
87,Illinois,2026-09-24,New vehicle transaction
87,Arkansas,2026-09-24,New vehicle transaction
87,Colorado,2026-09-24,Used vehicle transaction
121,Florida,2026-09-24,New vehicle transaction
121,Florida,2026-09-24,New vehicle transaction
87,Louisiana,2026-09-24,New vehicle transaction
87,Indiana,2026-09-24,Used vehicle transaction
87,Arkansas,2026-09-24,Used vehicle transaction
87,Arkansas,2026-09-24,Used vehicle transaction
87,Arkansas,2026-09-24,New vehicle transaction
87,California,2026-09-24,New vehicle transaction
87,Wisconsin,2026-09-24,New vehicle transaction
87,Georgia,2026-09-24,Used vehicle transaction
87,New Hampshire,2026-09-24,New vehicle transaction
87,Alabama,2026-09-24,New vehicle transaction
121,Florida,2026-09-24,Used vehicle transaction
87,Texas,2026-09-24,New vehicle transaction
87,North Carolina,2026-09-24,Used vehicle transaction
87,Texas,2026-09-24,New vehicle transaction
87,Texas,2026-09-24,New vehicle transaction
87,Tennessee,2026-09-24,New vehicle transaction
87,Delaware,2026-09-24,Used vehicle transaction
87,Texas,2026-09-24,New vehicle transaction